INSERT INTO Dentist VALUES (123456789, 'Arminder', 'Singh', 'Orthodontics', 80000, '1990-05-04');
INSERT INTO Dentist VALUES (231456989, 'Arshpreet', 'Kaur', 'Periodontics', 86000, '1992-08-20');
INSERT INTO Dentist VALUES (489132545, 'Rakesh', 'Singh', 'Prosthodontics', 100000, '1989-07-10');
INSERT INTO Dentist VALUES (489132325, 'Dusty', 'Carissa', 'Periodontist', 90000, '1985-04-19');

INSERT INTO Patient VALUES(123456, 'Sarah', '123 Street 56 Ave Surrey BC Canada', '1997-07-20',1234567890);
INSERT INTO Patient VALUES(452168, 'Justin', '789 Street 21 Ave Surrey BC Canada', '1999-11-02', 5461236455);
INSERT INTO Patient VALUES(100000, 'Rona', '109 Street 84 Ave Surrey BC Canada', '1995-06-30', 4861235486);
INSERT INTO Patient VALUES(100001, 'Romi', '167 Street 12 Ave Surrey BC Canada', '1990-03-02', 4984561235);
INSERT INTO Patient VALUES(100002, 'Dominic', '128 Street 88 Ave Surrey BC Canada', '1980-02-27', 6048457126);

INSERT INTO Insurer VALUES('AB Dental Insurance', '45512 58A Ave  Surrey BC');
INSERT INTO Insurer VALUES('Dental Insurance', '78945 78 Ave  Surrey BC');
INSERT INTO Insurer VALUES('Pacific Blue Cross', '4250 Canada Way Burnaby, BC V5G 4W6');

INSERT INTO Patient_Bill VALUES(123456, 452135, 1200);
INSERT INTO Patient_Bill VALUES(452168, 421684, 600);
INSERT INTO Patient_Bill VALUES(452168, 485264, 100);
INSERT INTO Patient_Bill VALUES(123456, 546812, 500);
INSERT INTO Patient_Bill VALUES(123456, 546884, 900);
INSERT INTO Patient_Bill VALUES(100002, 456812, 2000);

INSERT INTO Payment_Plan VALUES(4587321, 'Open', '2020-11-02', '2022-11-02', 1500, '2022-12-31', 2,123456,452135);
INSERT INTO Payment_Plan VALUES(4682165, 'Closed', '2018-06-25', '2020-07-01', 0, '2018-10-31', 1,452168, 485264);
INSERT INTO Payment_Plan VALUES(4682166, 'Open', '2018-06-05', '2021-07-01', 0, '2021-07-20', 1, 123456, 546812);

INSERT INTO Payment VALUES(123456784, '2019-02-13', 500, '03:15:03');
INSERT INTO Payment VALUES(684216489, '2019-01-14', 500, '09:25:08');
INSERT INTO Payment VALUES(684216490, '2019-02-14', 1500, '07:12:00');
INSERT INTO Payment VALUES(684216491, '2019-03-01', 350, '03:09:10');
INSERT INTO Payment VALUES(684216892, '2019-03-26', 640, '03:59:03');
INSERT INTO Payment VALUES(684216893, '2020-01-16', 900, '01:11:03');
INSERT INTO Payment VALUES(684218651, '2021-05-09', 2000, '11:05:29');

INSERT INTO Money VALUES(123456784, 'Cash');
INSERT INTO Money VALUES(684216491, 'Credit Card');
INSERT INTO Money VALUES(684216489, 'Debit Card');

INSERT INTO Insurance VALUES(684216490, 65845231, 'AB Dental Insurance');
INSERT INTO Insurance VALUES(684216892, 25494512, 'Dental Insurance');
INSERT INTO Insurance VALUES(684218651, 25494532, 'Pacific Blue Cross');

INSERT INTO Dentist_Patient_Appointment VALUES(231456989, 123456, '2021-07-12', '05:30:00');
INSERT INTO Dentist_Patient_Appointment VALUES(231456989, 452168, '2021-07-13', '10:30:00');
INSERT INTO Dentist_Patient_Appointment VALUES(123456789, 123456, '2021-07-13', '12:30:00');
INSERT INTO Dentist_Patient_Appointment VALUES(489132545, 452168, '2021-07-14', '02:30:00');
INSERT INTO Dentist_Patient_Appointment VALUES(489132545, 452168, '2021-08-14', '02:30:00');
INSERT INTO Dentist_Patient_Appointment VALUES(123456789, 123456, '2021-09-13', '12:30:00');
INSERT INTO Dentist_Patient_Appointment VALUES(489132325, 100002, '2021-11-13', '09:15:00');

INSERT INTO Bill_Full_Payment VALUES(452168, 485264, 123456784);
INSERT INTO Bill_Full_Payment VALUES(123456, 546884, 684216893);
INSERT INTO Bill_Full_Payment VALUES(100002, 456812, 684218651);

INSERT INTO PaymentPlan_Payment_Installment VALUES(684216489, 11, 4587321);
INSERT INTO PaymentPlan_Payment_Installment VALUES(684216490, 12, 4587321);

INSERT INTO Patient_have_Insurer VALUES(123456, 'AB Dental Insurance', 658421354);
INSERT INTO Patient_have_Insurer VALUES(452168, 'AB Dental Insurance', 658421355);
INSERT INTO Patient_have_Insurer VALUES(452168, 'Pacific Blue Cross', 958421355);

INSERT INTO CurrentPatient_Refers_NewPatient VALUES(123456, 452168);
INSERT INTO CurrentPatient_Refers_NewPatient VALUES(123456, 100000);
INSERT INTO CurrentPatient_Refers_NewPatient VALUES(100000, 100001);